{
    "Accuracy": 0.9905047476261869,
    "Precision": 0.8648648648648649,
    "Recall": 0.6956521739130435,
    "F1 Score": 0.7710843373493976,
    "ROC AUC": 0.7798954742577561
}