{
    "Accuracy": 0.9890054972513743,
    "Precision": 0.8,
    "Recall": 0.6956521739130435,
    "F1 Score": 0.7441860465116279,
    "ROC AUC": 0.7955187367952852
}